{
  "optimal_k": 2,
  "sil_scores": {
    "2": 0.333338,
    "3": 0.246958,
    "4": 0.23801,
    "5": 0.061203,
    "6": 0.050959,
    "7": 0.035962,
    "8": 0.005724
  },
  "best_sil": 0.333338,
  "cluster_stats": {
    "0": {
      "count": 2,
      "days": [
        "20062024.csv",
        "06072024.csv"
      ]
    },
    "1": {
      "count": 7,
      "days": [
        "12062024.csv",
        "24062024.csv",
        "22072024.csv",
        "29072024.csv",
        "26082024.csv",
        "31082024.csv",
        "03092024.csv"
      ]
    }
  }
}